giver,recipient,recipient likes,recipient dislikes/allergies,giver in office,recipient in office
Roger Riddell,Iulia Gheorghiu,"i am known for loving history (not US history, but also this country is a-ok).
i love puns and bad jokes. also i have recently gotten really into tv shows/books that are  (maybe?) geared toward younger children... Tamora Pierce's Tortall/Lioness books, She-Ra and the Princesses of Power, Steven Universe, Carmen Sandiego ... girls kicking butt type of media. If it defies heteronormative stereotypes and promotes inclusivity, I'M SO FRICKIN ON BOARD!
Some of the books/shows I'm reading are totally for Gen Z. Some are really old... but I swear they didn't have it in Romania so I'm just getting into it now! ",please don't get me another fondue pot. also... do you want a fondue pot??,False,True
Nicole Campbell,Ryan Willumson,"90s hip hop, owls, toffee and kind gestures",nope,True,True
Samantha Schwartz,Gina McSorley,"snacks (goldfish), brooklyn 99, harry potter, tea, idk you really can't go wrong",No,True,True
Cara Salpini,Tom Fenninger,"Listerine pocket pack strips, you know, the ones no one else uses anymore but me (but I? Idk I'm not on editorial for a reason) 
Vodka and beer and well anything alcohol, really
My nutbag of a dog Zoey
Petting other dogs without asking except for that one pitbull in Barcelona who bit me (in their defense I was warned by the owner) 
Listening to music, specifically the music of My Chemical Romance 
Better headphones than the ones I have, I'll tell ya that!! 
Travelling - I would NOT say no to an all expense paid trip to Cancun, in fact I would say YES to that, yes please, in fact
I am wholly unorganized so maybe a remedy for that??
I've been trying to get into meditation?? 
Aliens are real 
BATHROBES ARE COOL
goats


","Strongly opposed to ppl who chew with their mouths open, wasps, wasps who chew with their mouths open, please do not get me a nest of wasps like my dad did when I was 13, if you do I will still say thank you though because I am spineless",True,True
Laura Lorenz,Catherine Morehouse,"Lake Superior; Duluth, Minnesota; beer; wine; potatoes",No,True,True
Jacob Bell,Emma Beckett,"Baking, hosting, cocktails, pretty planners/stationary/desk organizers, Succession, The Crown, cozy things (if you need help, ping Naomi Eide :) )",shellfish,True,True
Peter Adams,Annie Riddell,"I love puppies (especially golden retrievers #basic), jeopardy (especially alex trebek - the man is a silver fox and a cancer survivor!), UVA basketball (go hoos forever), the great british baking show, wine and cocktails, exploring dc restaurants, etc. Hope this is helpful! ","excessive wrapping, bricks in boxes, glitter @roger riddell ",True,True
Natalie Koltun,Laura Lorenz,"cheese and cheese related things, vegetarian international cookbooks, books or book related stuff (i'll read p much anything), cute journals, natural skincare products",No meat please :),True,True
Colin Richardson,Jacob Bell,"plants, metal, wood, smells of the meadow or sand dunes, gifts that are practical or useful, bon appetit, hawaiian button ups, hilarious tshirts, la croix, FASHION GODDAMNIT",Bullshit,True,True
Edwin Lopez,Colin Richardson,"the spanish show on netflix 'elite', flannel, hawaiian shirts, robes, props and all fun accessories, uva basketball, dc sports, soccer in general, 

Past gifts have all been absolutely 10/10's and have included a flannel robe, a hawaiian robe, a shirt that posed the question ""Didn't I tell you to shut up?"" and a zlatan ibrahimovic jersey.  im easy to please! anything goes! woo!",nope,False,True
Wendy McWhorter,Vic Giron,"I love cold brew, pasta, chicken nuggets, Arrested Development, Game of Thrones, Spanish language music (Viva Latino spotify playlistis a good place to start), Parks and Rec, the MCU, skincare, makeup, my maltese Chico, UVA basketball, the commonwealth of Virginia, twitter memes (my twitter name is @Victoryes and my likes tell what kinda person I am)",no,True,True
Tony Bagdon,Roger Riddell,"Spider-Man, Star Wars, Black Sabbath, coffee, Dwayne ""The Rock"" Johnson, Seinfeld, dark beer, bourbon, tequila","Allergic to pollen, cats, sunshine, and happiness",True,False
Deborah Barrington,Kira Westbrook,"succulents, tea, yoga",no,True,True
Robin Re,cailin crowe,1. coffee 2. coffee. 3. fave tv shows = anything Below Deck and/or Succession 4.   Apples are my #1 snack of choice,Nope,True,True
Imogen Bradbury,Colin Burr,"Music - Older (80s - 90s) house music, disco, funk, soul. Favorite band is Interpol (which is none of those) in case you want to pull a Willumson.
Cooking - Pretty much anything, big fan of breakfast food and sandwiches
Watches - read hodinkee.com almost every day
Like cats but don't have one (please don't get me a cat)","I am allergic to pollen so no flowering trees, please",True,True
Annie Riddell,Maria Viera,"Coffee, chocolate, scarves, earrings, favorite colors are purple and red, love decorations, favorite TV show is Friends, huge theatre nerd",Not a huge fan of candy ,True,True
Naomi Eide,Wendy McWhorter,Pretty much love everything. ,Allergic to walnuts and pecans,True,True
Larry Pearl,Naaz Modan,"-Books, fiction or memoir (by authors of color, recent fav. authors I've read: Baldwin, Adichie, Morrison, Angelou, Jhumpa Lahiri, Arundhati Roy, Shobha Rao)
-sassy coffee mugs about journalism/reporting
-anything related to baking/cooking, cookbooks that are not light-handed on seasoning
-shoes/lipstick/jewelry/sweaters",No ,True,True
Ryan Willumson,Deborah Barrington,"Florida State U, gadgets, Oh Wonder, gardening, gambling, Batman, Batwoman, photography, socks",nope. ,True,True
David Lim,Erin McFarland,"Cookbooks, whiskey, my dog, winter/fall scents, House Hunters, The Real Housewives franchise (feel free to judge me for that)",No,True,True
Ned Pagliarulo,Natalie Koltun,"I like cats, chocolate, coffee, dry red wine, cooking without a recipe, tiny homes, Broad City and Schitt's Creek tv shows, travel photography, being cozy, and tiny versions of things.",No allergies,True,True
Kristin Musulin,Liza Casabona,"Something from 1996, the year I graduated high school and the height of my pop culture awareness.",no,True,True
Emma Beckett,Samantha Schwartz,"Black labs, polar bears, The Great British Baking Show,  and if ~anything~ looks like it would be in Chip & Joanna Gaines' home, I will probably love it. ",,True,True
Chris Teale,Sammy Srinivasan,"raindrops on roses
whiskers on kittens
(jk) i do love many things but here are some of my favorites: music/concerts/vinyls; FRIENDS, the Office, Handmaid's tale, Suits are some of the shows I watch; I enjoy working out/fitness in general; traveling, reading, cooking!",I'm vegetarian so anything that has meat/that's associated with meat will probably not fly too well with me!,True,True
Chris Kelly,Edwin Lopez,"A few of my favorite things:
* El Paso and Ciudad Juarez
* Travel
* Remote work
* Board games that have to do with trucks or planes (I have a ship and a rail game already)
* Beer o'clock 
* Drawing on white boards at meetings
* Bartending
* Inspiration!",books -- I likely won't have time to read it!,True,False
Davide Savenije,Gary Guttman,"Chocolate chip cookies, Nationals, Revolutionary War Histories",No pork,True,True
Becca Pifer,Peter Adams,Keep the Hawaiian shirt tradition alive! XL!,Penicillin ,True,True
Cam Castleberry,Kate West,"Cooking, corgis, wine (red), beauty products, kitchen tools, survival kits/books/items, sour beer, excel tips and tricks, cookbooks, Queer Eye, Euphoria, Fleabag, Harry Potter, beef jerky, Greta Van Fleet ",I'm allergic country music.,True,True
Kristin Beaudoin,Davide Savenije,"Love my kids and family. Love great food. Huge soccer (Liverpool) fan. Avid consumer of all things media (well, I guess that was obvious). Enjoy the outdoors, cooking, grilling, board games, books, film, and art. If you're still unsure, many folks in the newsroom know me well. ",No,True,True
Gary Guttman,Cara Salpini,"Hiking, travel, dogs, Harry Potter, Lord of the Rings, reading/books, gummies, Target's entire home goods/decor section, cozy things (cozy pillows, cozy blankets, cozy sweaters, cozy hot beverages, cozy everything!).","No allergies, but don't like nuts.",True,True
Thai Phi Le,Chris Kelly,"Making cocktails, films at E Street, indie pro wrestling",No,True,True
Krishna Thakker,Larry Pearl,"Spy thrillers (movies, books, tv); sports, amusement parks, Star Wars",No,True,True
Iulia Gheorghiu,Krishna Thakker,"Schitt's Creek, Friends, I love a good, classic fashion magazine in the flesh, Andes mints, mini M&Ms, Spicy doritos, tea, cheese, fun socks, candles. ",,True,True
Colin Burr,Jill Teitelbaum,"pop culture references, true crime, trashy tv shows, hgtv, movies (pretty in pink and godfather are two of my faves), sarcasm,  cynicism, tacky t-shirts, i really love graphic tees, i have a good sense of humor and will be grateful for anything :)",nope,True,True
Tom Fenninger,Kavya Balaraman,"Cats, cooking, cheese",Nope,True,True
Catherine Morehouse,Robin Re,"Dogs, Colonial times, The Office(TV show), Friends(TV show), Coffee, Salads, Candles, Puzzles, Orange Theory Fitness",No,True,True
Ryan Bohrod,Ned Pagliarulo,,,True,True
Matthew Ambrose,Matt Levy,"Board Games/Party Games, Socks, Alcohol (whiskey the most), Integrated multi channel marketing campaigns",nah,True,True
Matt Levy,Ryan Bohrod,"skiing, hiking, camping, food, coffee, just recently got into whiskey!",No,True,True
Liza Casabona,Savannah Smith,"Books, coffee, cooking gadgets, travel, writing, New England Patriots... ",No,True,True
Gina McSorley,Cam Castleberry,Golden Doodles; currently planning my wedding for Sept 2020; red wine,No ,True,True
Sammy Srinivasan,Kristin Beaudoin,"Planning parties, Glitter, Sparkly things, I have three dogs (1 Bully & 2 Aussies),  love records, bright pink flamingos",Nope :),True,True
Naaz Modan,Julie Littman,"Pusheen (an online cartoon cat), cats (I have two gray cats), yoga, tea, chocolate, things that can keep me warm.",No mugs please!  (I have too many at home already).,True,True
Zach Phillips,Nicole Campbell,"Golden Girls, Law and Order:SVU, Tacos, True Crime podcasts and podcasts in general, reading all the books, anything California related. ",No ,True,True
Anna Hrushka,Chris Teale,"Sports, beer, The Office (US version), tea, peace and quiet",N/A,True,True
Vic Giron,Imogen Bradbury,"~nature~ (going on a week-long backpacking trip over xmas break), baking, cute homewares (decorative throws, candles, etc), DC stuff, Charlottesville/UVA stuff",I don't have any pets or children so please don't get me anything for pets or children,True,True
Kate West,Zach Phillips,"Marvel/Star Wars, board games, nintendo games, the baltimore ravens, reeses or other similar chocolates, sour patch kids, D&D",I have a shellfish allergy...don't perceive that being a problem.,True,True
Savannah Smith,David Lim,"Succession, cooking, urban economics, the Mountain Goats, Mitski, Japanese Breakfast, coffee, investigative journalism, rock climbing, ultimate frisbee.",No,True,True
cailin crowe,Naomi Eide,"Order and desk toys and gnomes (that's my nickname) and weird desk calendars (my mom gotten me a vintage cat one, which is arguably too weird). I am also going to Germany/Austria for Christmas and Paris in the spring, so something that could assist me on my travels. I also adore coffee and find great joy in my office coffee mug: my teeny cauldron. Lately I've been super into Manhattan cocktails (I think it's the cherries). An internal office source who may help you if you need ideas: Emma Liem.  ",Amoxicillin. Which brings up the topic: Don't give me drugs. Especially derivatives of penicillin. ,True,True
Kira Westbrook,Maria Rachal,"Obviously love dogs, other favorite animal is bison; not a picky eater and yes love coffee; always down for practical luxuries like new succulents; now that I type all this out I sound like a pretty boring adult so feel free to go rogue and surprise me",,True,True
Jill Teitelbaum,Kristin Musulin,"Comedy, concerts (Rainbow Kitten Surprise, Mt Joy, most indie/folky music), plants, cooking, Wonderland Ballroom, Schitts Creek, negronis, red wine, podcasts (mainly MBMBaM and Throwing Shade), writing, books, Philly sports, anything that'll make me laugh",Pls no mugs,True,True
Julie Littman,Jeremy Bauer-Wolf,"Pokemon, old newspaper-related items, succulents, Taylor Swift, my dog",No,True,True
Erin McFarland,Becca Pifer,"Fleabag/Phoebe Waller-Bridges, fashion blog Man Repeller, Bold Chex Mix, anything related to/smelling like lemon verbena, Jia Tolentino, all animals but especially Westies & water buffalo & munchkin cats, Foster the People, turtlenecks, Earl Grey tea, 30 Rock, gin, jigsaw puzzles etc. - thanks!",No,True,True
Jeremy Bauer-Wolf,Thai Phi Le,"Cooking, dinner parties, all forms of cheese, board/card games, cats, Diet Coke ",Nope,True,True
Debbie Anthony,Anna Hrushka,"Cats, chocolate, coffee",No,True,True
Maria Viera,Roberto Torres,"In no particular order: salted snacks, Metallica, soft t-shirts (am a size XL!), chocolate, memes, board games, Coheed and Cambria (band), journalism history, Latin American literature (in Spanish), coffee... ",Socks. That's just a sad holiday gift imo,True,False
Kavya Balaraman,Bo Morin,"Legos, Cats, Dwayne The Rock Johnson",,True,False
Maria Rachal,Matthew Ambrose,"UMD sports, Hawaiian shirts, the 1975 (band)",no allergies. Please dont get me a UMD Hawaiian shirt,True,True
Roberto Torres,Debbie Anthony,"traveling, fun earrings, neutral tone nail polish (the essie gel ones are my fav), dark chocolate, tea, pastries, anything from Trader Joe's, anything black/white/gray/baby pink, peanut butter pretzels, ice cream",,False,True
Bo Morin,Tony Bagdon,,No,False,True
